-- MySQL dump 10.13  Distrib 5.7.12, for Win64 (x86_64)
--
-- Host: localhost    Database: db_rat
-- ------------------------------------------------------
-- Server version	5.7.15-log

/*!40101 SET @OLD_CHARACTER_SET_CLIENT=@@CHARACTER_SET_CLIENT */;
/*!40101 SET @OLD_CHARACTER_SET_RESULTS=@@CHARACTER_SET_RESULTS */;
/*!40101 SET @OLD_COLLATION_CONNECTION=@@COLLATION_CONNECTION */;
/*!40101 SET NAMES utf8 */;
/*!40103 SET @OLD_TIME_ZONE=@@TIME_ZONE */;
/*!40103 SET TIME_ZONE='+00:00' */;
/*!40014 SET @OLD_UNIQUE_CHECKS=@@UNIQUE_CHECKS, UNIQUE_CHECKS=0 */;
/*!40014 SET @OLD_FOREIGN_KEY_CHECKS=@@FOREIGN_KEY_CHECKS, FOREIGN_KEY_CHECKS=0 */;
/*!40101 SET @OLD_SQL_MODE=@@SQL_MODE, SQL_MODE='NO_AUTO_VALUE_ON_ZERO' */;
/*!40111 SET @OLD_SQL_NOTES=@@SQL_NOTES, SQL_NOTES=0 */;

--
-- Table structure for table `tblcargo`
--

DROP TABLE IF EXISTS `tblcargo`;
/*!40101 SET @saved_cs_client     = @@character_set_client */;
/*!40101 SET character_set_client = utf8 */;
CREATE TABLE `tblcargo` (
  `id_cargo` int(4) NOT NULL,
  `cargo` varchar(30) NOT NULL,
  `salario` varchar(15) NOT NULL,
  `estado` varchar(8) NOT NULL,
  `id_empresa` int(4) NOT NULL,
  PRIMARY KEY (`id_cargo`),
  UNIQUE KEY `id_cargo` (`id_cargo`),
  KEY `nombre` (`cargo`),
  KEY `id_empresa` (`id_empresa`)
) ENGINE=MyISAM DEFAULT CHARSET=utf8;
/*!40101 SET character_set_client = @saved_cs_client */;

--
-- Dumping data for table `tblcargo`
--

LOCK TABLES `tblcargo` WRITE;
/*!40000 ALTER TABLE `tblcargo` DISABLE KEYS */;
INSERT INTO `tblcargo` VALUES (1000,'Lider de proyecto','20000000','Activo',1000),(1001,'Analista de requisitos','10000000','Activo',1000),(1002,'Programador','6000000','Activo',1000),(1003,'Analista de calidad','6000000','Activo',1000);
/*!40000 ALTER TABLE `tblcargo` ENABLE KEYS */;
UNLOCK TABLES;

--
-- Table structure for table `tblempleado`
--

DROP TABLE IF EXISTS `tblempleado`;
/*!40101 SET @saved_cs_client     = @@character_set_client */;
/*!40101 SET character_set_client = utf8 */;
CREATE TABLE `tblempleado` (
  `id_empleado` int(20) NOT NULL,
  `contrasena` varchar(60) NOT NULL,
  `nombre` varchar(30) NOT NULL,
  `apellidos` varchar(30) NOT NULL,
  `id_horario` int(4) NOT NULL,
  `fecha_n` date DEFAULT NULL,
  `telefono` int(13) DEFAULT NULL,
  `direccion` varchar(30) DEFAULT NULL,
  `email` varchar(30) DEFAULT NULL,
  `estado` varchar(8) NOT NULL,
  `id_cargo` int(2) NOT NULL,
  `id_empresa` int(4) NOT NULL,
  PRIMARY KEY (`id_empleado`),
  UNIQUE KEY `id_empleado` (`id_empleado`),
  KEY `id_cargo` (`id_cargo`),
  KEY `id_empresa` (`id_empresa`),
  KEY `id_horario` (`id_horario`)
) ENGINE=MyISAM DEFAULT CHARSET=utf8;
/*!40101 SET character_set_client = @saved_cs_client */;

--
-- Dumping data for table `tblempleado`
--

LOCK TABLES `tblempleado` WRITE;
/*!40000 ALTER TABLE `tblempleado` DISABLE KEYS */;
INSERT INTO `tblempleado` VALUES (1000,'1234','Mateo','Leal',1000,'1999-12-15',2937152,'Cra 16b 32-50','mateolegi@gmail.com','Activo',1000,1000),(1001,'1234','Daniel','Arboleda',1000,'1999-02-20',2342341,'cra 23','arboleda.daniel@gmail.com','Activo',1001,1000),(1002,'','Julián','Castaño',1000,'2000-04-12',2347345,'cra 65','castano.julian@gmail.com','Activo',1002,1000),(1003,'','Mateo','Ortiz',1000,'1998-12-20',5525443,'cra 75','mateito.ortiz69@gmail.com','Activo',1002,1000);
/*!40000 ALTER TABLE `tblempleado` ENABLE KEYS */;
UNLOCK TABLES;

--
-- Table structure for table `tblempresa`
--

DROP TABLE IF EXISTS `tblempresa`;
/*!40101 SET @saved_cs_client     = @@character_set_client */;
/*!40101 SET character_set_client = utf8 */;
CREATE TABLE `tblempresa` (
  `id_empresa` int(4) NOT NULL,
  `nombre` varchar(30) COLLATE latin1_general_ci NOT NULL,
  `logo` blob,
  `estado` varchar(8) COLLATE latin1_general_ci NOT NULL,
  PRIMARY KEY (`id_empresa`)
) ENGINE=MyISAM DEFAULT CHARSET=latin1 COLLATE=latin1_general_ci;
/*!40101 SET character_set_client = @saved_cs_client */;

--
-- Dumping data for table `tblempresa`
--

LOCK TABLES `tblempresa` WRITE;
/*!40000 ALTER TABLE `tblempresa` DISABLE KEYS */;
INSERT INTO `tblempresa` VALUES (1000,'RAT','PNG\r\n\Z\n\0\0\0\rIHDR\0\0 \0\0\0\\0\0\0\Z\0\0@IDATx\\[ՙg\#iN $`\J0nlSB\` `\3*\\3*cl\>#i؄u6$lH\ۄM%@,ilK1`}\W\JU\GOgFsOy\\}\0\0\0\0\0\0\0\0\0\0\0\0\0\0\0\0\0\0\0\0\0\0\0\0\0\0\0\0\0\0\0\0\0\0\0\0\0\0\0\0\0\0\0\0\0\0\0\0\0\0\0\0\0\0\0\0\0\0\0\0\0\0\0\0\0\0\0\0\0\0\0\0\0\0\0\0\0\0\0\0\0\0\0\0\0\0\0-\{\ϼ7 f̼*]ْD%p\"F$[8]89\Prr,2Zݴo\\V4\H<Zy{]=9{\{Β\i^fmo0|R\sWl\I\gQ^\\-\c/\\}\\\'\\\x84L[\0\0\0\0h[i\\\9c񚖉[xz\'&?\n\Sv\\^XqU\Z\T.f\g0\p\"^}o\BGgVd&f/\0\0\0\0y9M=#g~);0v\0)#7Cɉ,P|KF\p\\Xmƭ\|Ǩ>h5\ۘ\0\0\0\0\vx87\>\\]\D%\\{\$Q<keMmO@U\\\Q}H\\Yrv3\\O\\%\0\0\0\0m\\\\m)@B$Ċ]\W>H=nT\\[Yq+<\b[i\~ު?]z\ƝByBtM\ũZZ>\`\0\0\0\0h?-ڍv%\\6!\7±\Kw92:ʨγ[Sa\G!@=\%TP|$&\+\Ճ5\0\0\0\0\\	\\>U\!ʮurR\\fww6HL$3\\u\\\\\rWi\J?\!{;]\9\6_\+\\Ҷ\^C\0\0\0\0\08\7;zIk\\\Z9\\θ<=k\\\\%\,K\\j>n\\o\nY\"{\;,\s\\\\ŭU_\'\ɲ<eWyg.N\\up4=\ƻ\\[QZ\qF\s\C<a߳\Eu\\c7,ݰaRyK\p\\ߏ?\5\\ܵzb#\\\5\O\Uɬ\\0\0\0\0\ce\ץ\03d7 \\\	\\\\9K\p4{\mdp&DF\'V\J艹XeA\\\\\"S:\~\k\Ǳg<\do\\\^w\0\0\0\0\0=\\d\\\BN~Mv`ľY1+E۷\g\u99\4\\\\k[\f\\D=ŝfw5j\0\/=\W=k\\	o\0\0\0\0@\\\ϞE\\\^p\=v\Z\t\\\\\<:^~\\\B.\<hT\\[a\`f\\\\\\{!k\V\\ڽ\\0\0\0\0\0 \t{o\\\en\ӿk<!HF\\\[R&É̫:_\:~^\\j_YH\u\0\0\0\0\0/(]\\Kc\EP<uKC[g\\zc\x\We~\n&\^\\{[#\9$2\N7\K\\\?[=\;;\0\0\0\0\02[\+v\\bl\׎\\'2^aT9K\--\']\I}\0\0\0\0 @\\MQܱ(JUY)\^N6\Nf~k\Z=xy&_079\  \0\0\0\0\0 z\\\\\\'\9mI\fu\\P<W;~DQ}	m25)\h\2{wo@0\0\0\0\0\0`~dQ\\]\\\݄\I̸\yZ>.6u\\nwC@\0\0\0\0\0@\\"O\J\.l*\\\&\(^=P򢘽[ĭ\\\:4n\]\\\\0\0\0\0\0\0\0\\ZD\S\%$odt\Fz\\\ZD\B@\0\0\0\0\0@\A\\9MҩH\\";ę\^\Fu8U\ޱ<\'H$\0\0\0\0\0\0\r2_|it\\\$:x/\Z\\ϐ\\%\\3\2Ξ>P\0\0\0\0\0<6г$~\\$O3*\UISC~wk\̍\$C@\0\0\0\0\0@\\%eT\c\6 \o\>n\05HWv:\\t7o89r⟺-\\r\0\0\0\0\0\~x2\J虿}\\;\0GñVY\Ά\0\0\0\0\0\0\0)c\\ȾFesz\\Fr<Qُ?b\F8\\\mݶ\\\\"\0\0\0\0\0H93y\LY\-N@v]k6\\Nr\:\ʅ\\dYR\w\`#\^\Z\;z\0\0\0\0\0\0\0\\7*sd\2\\.lT\~\=~>U0-F\sڕ\\}\r\0\0\0\0\0\r@\oT\#/XeQ\\\n|o\-|V̡x*{YC\\\\Fl\\\߲\\0\0\0\0\0\0\0\NZd\rQ\2\\\=\g\7Z$~Y.\Z\\\\9g\B\D  \0\0\0\0\0 9|A2ϽiV2}\C41ݨ\$f.\˿o01I\;\\u7?	\0\0\0\0\0\\\߹\\\\' [\Y]\+\\\ޠ\\7)\Sn:E\λVOd͒\\\>\{B@\0\0\0\0\0t\0\s[9:xhlrQy\,\\ΆY\\r\R2ޓ/[E\Z\0\0\0\0\0\lHb,Oq\\fY~\.Og\7oa\;K:\\Q[\\5\*\c  \0\0\0\0\0-@<\\\fW\\\Z\\ReNm\bl4^\le?\\e\"	\'2O\\чN\0\0\0\0\0\0\X\\Z[\[7jk\\?H\{\\'\9;\\2\]7wy\\0\0\0\0 \j\\r\\\w?\\Љ\^\\p\"^yS\Yw4\Y\ngۇǳ`WgW\\0\0\0\0\Q23c\\w\Z,\`\"}\\>L_oT^:\1?P|KF\9aE_N\0\0\0\0c\~iN^ꗲ7DZ^\2Ϭ\É\\|\-\蹶\\\<\\\~yC_.\0\0\0\0@Gt\	?7t~Cte\ïN\v3CF\I\jn\?w˻\}֢\\w\'\2ȋ\L\\S\0\0\0\0\0\0 Ά?q\'U\\G?}x&\\5Fe_=fc\\Ec)\\yׯ2G @\0\0\0\0\0@ȃ&\\c[\Z7y/E_r\\\e\猡\ܛ\fci{\#G(~\!nksY\N{We4\g1Lwb>_\PzϤ\\@\睜@\0\0\0\0\0\0G1n]c-5\"TO7\Jyy#gg]7]\ީ*2o\'\\\ɉF\^x\\[U\\7{\\\n\A\0\0\0\0\0N\F\C\`KNnY|,Z\@o@>Zo<~\\\;{({\\\/U\\ۼ\Qy|Ry8Q?tTm\Z{\u\0\0\0\0\0\ Nxqz<]\`[j<;t\(襱\uͶ]w&R՛?Nd\\+m2B\\xk\ҩ\>\\\-\\k\[M\\0\0\0\0\0`[8i6wɺ\\b\EZ(\\\\đhT3_Ļk~\\d^\0\0\0\0\0\07_hd`\ E\\2y.:2Q7,\S\"]\\\\2\?\\kj\n\\ʹ\A\0\0\0\0\0O.{Δ\\Zh3\\ϐ\\\rI\\}\\\+\&\4\+6Z\\~Xr\r ^\\\qB?\0\0\0\0\0\0\\'\}\\Ⱦ\!Wp|#\\'Q]>zI\\\\z#֨޶\\"3p\0\0\0\0\0\002\\¹+\\\\w\\ض\\\.\L\'4\ZXN\VMdE\\t\Y\WYV\\zeY>2\\t\po\Ņ\0\0\0\0\0\05\\`\\-~Jfёum\"sՍ+Z_mwy\VvE¼<A\V\0\0\0\0\0P\0\\7)G60VrtT\\r7\'/Ej\F\fñ\/\\\\\[i!@\.Rxx\>\\"6\0\0\0\0\6\>=\]]kSHno@x\\({Mh}D\ra\\\۱\\\ZՋ\Z\\\r1($\?7E\7]A\0\0\0\0\0t\0QDOu\XMRK\\\Y\S\\]e}\<9\vlc\ 6x3=n\:G}y?:Q\\n\S\Z9\nɻ\0\0\0\0\0\E\\\$\Ə(lU\\Z=\X~uvjߊߔ,19)EG\@˙\xYs\Z3\%\\\\([8ۛNO\\!{!@\0\0\0\0\0@}X\=H5+\\\\\MQ\\$Ư)^\<lx\|A\\Zx\Ohv\\}Fm}ҥ\\ \0\0\0\0\0\D5\3׌Y_J\\\.\\aɼ\ZQ\\\h\W{8\\\YF\|\&\"|\0\0\0\0\0^t\=\\0g\\\'V\\Vm;\\m+\r&-ڟ]tm:s˺-sCWY@\3\/\0\0\0\0\0\-@\\n=6fI\ܶ\D\"w\\\Xd4vL\Rv\HPw\\z\Q]JB\0\0\0\0\0\0\F\/~\(,\-?X\\vHa\D\jYS\@,}\Ps|dQiBǃ\\\%@\\(b\Z\0\0\0\0\0p\0\K\ހ޳\?o8NAeו\\\E\D\"ﲼaOr\דNB|D[\ \0\0\0\0\0Dy~\lsn^gYq\&±\׊e\\Fu<\5m/@\\ \0\0\0\0\0\rȴ\y8\E\\}\0y;2\\nj\ek\\b\}yf.{7 \Hn\\+\]O\0\0\0\0\0\0p\0Q>v2̼*i}\nO\M\C\L\U,,\S\\\t\l8Vt5[pǆ<\"\0\0\0\0\0hB\\\A1{ղ,\X\r7\'	\rK\/b?\\Ty\NHe\\m(@?R @\0\0\0\0\0\\6*ǱGH\"<ݯhu{FG2\1>gs/qw\[:\e_v\'OW~\n<_JLx&\0\0\0\0\0h%(~ը,ܵц+Vj]ˍ\X\3F\\E6Χ!\\p\\ϼ2i.@\ @\0\0\0\0\0@\A\h\ze9\\Q\wVm9Um\\'\o蕍.ӛT	oхVe\\\'\\讨\0\0\0\0\0m<q̨<g-Yk\\\\fn5*\9mӃp<Q=?EbBN\0\0\0\0\0\6d\3C{Qvm\;V[+E\O\t\9\ms\"\rEN\W\+\\\!@\0\0\0\0\0 @\\\6NA\\'wfctdd,liR]>ȼW\#\^,2C\0\0\0\0\0 ]\\?5*\\\\SXfsS{QY>~e\\\r\E(0ϩW\\OA|\n\0\0\0\0\0\0å\u\-\w\hFRZ̗\\\e\ZVx_\'N5j\\\"\\rvNx_\\0\0\0\0\0\0m#@mT\cCd~Ԍ\ёԕFetťmk\\lw8[<:\b\0\0\0\0\0\V\År\ze\\є\K\Zn\&\'2z\Xn\mFw:+_ \0\0\0\0\0H|+\wk윂\5k\Z\"<(g\,m3?\!a\j\k\"f{\\!@\0\0\0\0\0@[	9+|^NxN|{Β\r\˛H5\Rt469j\\k,s{\26\I\-r\\T\0\0\0\0\0[x8\r2~Ҙ)\=4,˻\ΖMکCG,o\Z\U\5o\T\0\0\0\0\0\V\\\\Z٫C숐.ھ}z_>\\y.\hq-:]Fgt\\\=\% \0\0\0\0\0\H\?xQ9;o\\)]g\F\:~{R0v\#\\nz\YrEH^[ \0\0\0\0\0\ZV~Ҩܺގy):ze H<\sn_9qI\\{ڥں$١W\;X]{\/\\\\0\0\0\0\0\L}p&3\%\'֕\Gׯ\\]NX\\OPrBJA\:,\@Jrg \;{({׈\\r\\'c\	vO\\\03ȿYo΍wgJfozW|\c\Φw\\\\\g(>qv(9)1rO,ߘ=j{S7,]\k\:ict0\ߵWnΞy\\Z\}\\J\;no\0\0\0\0\0\@\\\\Zd\\η\\F\'A##fr3Qnd4sHd\[\.J◺-\\me\\\\Wu]\b\qF\;ޠpk\τ\Z\z\\B\0\0\0\0\x\ˌ\\\}ƯihE\- \\ٛŭՕܩFǏ\{dtdd[\R1ˉ׻&R\y\MkkVOP8Qe\\ok`S\𢡄lB\n\0\0\0\0#Cj\u \x\Fׅ\\՗t\.瑋\\̾aMY~P<:\]\r\P?Ȭi\\/\\0\0\0\0Op\R޵~\' \ɇPn\\(,\+6U)@&W ee~\m\\\k\Z\'Riry\' \cf\0\0\0\00L#F\\\w\M\}3\C.<NxQ>Α\VMT!@R\UFs\m\n,cx3\E\MN,5*\\M	\,\0\0\0\0\0P)\'dAjuvOl\\5MT#\\ЫӇ.\\Oʲp\"\\\T\r-Hy\\_\C\n\'\o\\fi[vZ; RPF\p<g/Ie\{\\z\'\0\0\0\0i~ᘞ\r\CQnPQF\˖o\\/\ׅU[ivI\f\u:\\\+6\i\\\gi_\M7{#\\y8\|.^\ZG[	]\\\\_Vm9\P<byon\3$;_r\"\\\gjt\\\r\\\'\\\\\~<=aa,U|oʩۃxf\0\0\0\0\0\0\0\0\0\0\0\0\0\0\0\0\0\0\0\0\0\0\0\0\0\0\0\0\0\0\0\0\0\0\0\0\0\0\0\0\0\0\0\0\0\0\0\0\0\0\0\0\0\0\0\0\0\0\0\0\0\0\0\0\0\0\0\0\0\0\0\0\0\0\0\0\0\0\0\0\0\0\0\0\0\0\0\0\0\0\0\0\0\0\0\0\0\0\0\0\0\0\0\0\0\0\0\0\0\0\0\0\0\0\0\0\0\0\0\0\0\0\0\0\0\0\0\0\0\0\0\0\0\0\0\0\0\0\0\0\0\0\0\0\0\0\0\0\0\0\0\0\0\0\0\0\0\0\0\0\0\0\0\0\0\0\0\0\0\0\0\0\0\0\0\0\0\0\0\0\0\0ho<\"3=7 fs\3x\0\0\Rz\\\0\'\\A^\\\\\u\x\'\0p:ir\\\\g\\r\ZF+i@|\^Z3\	\nįp ހ\]M\㗒[N<w\q͉\\M63\\#\48ηv˽h\?i?Xݾ\\vf\u\\\Wuv\netܻ|\'\!@vw)e\b\k>4\\ϖlȘ\y^z.Q\o;8_9ES;z8ᗞ h\ȔVO\qd\K+i\\W|ah:\:F\8\\R>\\\\\6\"\\\/ΒN\\4yOO z-|\\<\0\	oh&FV\' \_\$\"\K+vs\\0hw.\O-\5e% >a\r\u2Qń\\rObLaד֣5 ;\\zP\=Kxg\03\\r@\oC\Ω!\.B+,UN=\"K\baAD{wN{SPy<NJ\\0\\@\0\?g&2$\?$2DE\\$ӉhrrY4>ye8\\'\\{f\|+\v>\\߉7\\\\GEM}o\2\\0\0`\ cLh|}>ÄǶp\"d1\,\r\'\'/\'3sD\p,}Ttd yݽ\eyܫ0m߾S\D\\\n~	,h\Nhoy\n]̹\\\{\\Ⱦ\1fԍw\0 @\0؅L>M\&\)OO\q\ؽEF\'\;\L[a\TYwg)$6J&L\~i\\~7\y\\\Z0@ꅚ$0\?w_@\\D<\rcT\}fh\\`<\0Gd\\CC1a\\"Z.|\\\p\0?\R\9f\\\'\05\\Sz\,ޠ\\;W\(\EG)/0tbeH!\'_컞\\\{/^у({\\\}\H>O\^a\r˺_\/\\s٥\%\:5\\\HT\\l\n\*)4\\2\\\\>JJ??G׼A~-6y/\\Ԍ\\\\\ǉ\	\`?$}\F<R\F	55_\-oPz\\\\Za4g\\Ժ\\n)\f\KOz_@M\Xi7u\I?~\P\\g.x|m4j8\Z<[\1C\L\'K\nLbf\S/h\훬|Wa\q\\\\`ÿ:b\5\\\\$}\>!m\\\ք䉹9ZyB<\xckC4s\'\\\3_@\\Gs\\\Z}?]\'V<_>^M>)(7.\R\ B-O\8nxM>֙؋N:dޞf\Et\\)[\7?\'\9E>avj\Q\\\jB\Y}\\/7\H?\Z0\\\'\%{(&>N~fwWъɝ	,5\\w3abd˗&m(fI\)\<\;F\NF)\o\rzfZQ6\n}t񒧰C\r^隳\W\n.[e&\Z\'\\\\Z5F{gj\\e͆<?Sy\\\[e\Vb\\[S\\\\\3:v\qʰ\'\$PlV\SH\m#b8W]>l+ոad1~\\s9\\\Z\onE\\վۦ\?\Z\tܫf&:	\\<G\\RV\\=P\~#,\MiIx\ZY\\\\Z\\\'\um]\\cF-pNiw\\~jJ\\;%\\\\Z/:I\'nP+\N\$DIvGFP㿩\Jh@2>O0za_a\\JBK3\\rzpbL/c\||B\|v<5e\\\	_h\ECs\n-\	\5\>v\\\\\(O\vyFg26p\ƈq\V@ݞ+6om5{m\者,\-uZ9؜\Kzϥ<\\e/_\\i{tV\0yޡ=w]z\yr~\rVǀ,]oG_\\b\`-YYG|r;\\mc:Fre\θ\\9\|i~\܉v߿L\'?\Wm\\$\\^گS\\n\3\\\Zw\L\l\T.AǶr\uw8jڡRe\\p\\\]\	.\Eb\#HTtxI\]}\cJ\a\dhU\'\Pe.]`WҀ8\\\\]rASw\n\}V)o\c]O銢;;\ʎɵB\Ѻp\u\r\\C\dy_I\5\'-HI`PI\hw挋:\n\0{\.P1\5/7/8u\,\\'plVŌ\BL\n6\a=ƈqOܱ}[\rV\ܮ\9%pS\\鄋\"2?v\M\\\\\\\\:A/\Z\W=^0.\jR\6k=ؙA[z\Z\\r\.[j\%/\'\\,5Nz\\Z@kQ퇪\]ڔ\\V\\S׼SK[\hs]+H\9q\j㶱\\\(l\\L;k~\\\\:\\бkGDU\u\P\\\A\\\NnqgK\z)Ds`姬\U)@j\\\\ޠm[2\nO]\ό2\\nNy\Zcvl;_~\\7l{\̈́\nָl\(]\Lj1vw\@)&\\vܔ\\Ik: 5\'\\4S~\h_>,/\hw˦\\yU\Aʙ\H9a+_<u6\g\\p\]}7zq,^\ǜxWwZh\0]Y4s=Ѧd\\]\\lT\ZĴȱc.\g4^rr\\8PNV\>Eɦf\?n\/M\NUgA\S\G\f<%f\2-\'y؊.%.(]\l|\\Z:a\.@\HҪMr\\.@\\k~j\nKh\\uvɒxf\_ڹPv.rZ\HD\|L[=.\\V̡ @\#t*\\-9\oe\\\\fO\\\m$_+O\\\	M\5hw	\YU\N^g=8K\g\.vH\N?\$@(abQKC^^y\V˻\,,n\z,\\\߫\'\wn\q\X7!A\Veg)SSU~\c2\e_\\0\\?\Ԁd\\\Zc\F.?JbcU\Ǎ0>tg礦x(Y$F\\mFa\~z{яU\ШE\ch;\ݬqQ7c\\d\	ϙ\L\\"D\P\\ʿ\\\\o2	6??QІ\\\\Cf\^\\=W\*Pj<h]guo\N^g3dx	\\&\'\\\\f\'J٘F\\n\hKR\\t١迲ԨR0\\;)\˭m=nZ?\\\M\'m\hQZٿP)\6\e5\K\F=\-^\\\ri\4Ch\\\VNy|e\ߓ˅\\\Dnul>9\\\\\A\]	^M-\{BvQig[O\E}C~f\\\:QqEV{9\\\`G\9\ӽ\3|S{Q\]햯U\\2)\Z5\U\\7ʬ\)\\\Ltk\\AW\	~\\\f\'%BlJ\7S\BZ>͗\x\\\\nZ;\s\\I,r=q\w׬\bmJ\o>2WK[v21R4\A/,m\	{\vP\	^{B\] ?^k]J\"9\oP7MD\'US	Jq\mդqQOh2\op\\u(ڛh5Qػi\2\{6.w\&@g\\+\k\x`\ɍͻkyn˂\s;d7zް*\+&\o\Z\p\\+H֓W*B\j#\u+\n%{\FІNV\e\o[etS\%\\{,[\c(\Ow8\OO\F\sgj\s=~4\\\\~j\\i\nd[\\"9\'C͎\vuKf˰\\s5\\Gd\1?\ӤqQP\ʉWecc`\Ǘ\\LP4.ښ-\%\j\U\A\Ω\y\\3\T\rŠ\Ie\hw9p\0i\zRR*Njmj\\\@5\S#3\i\X\ؖ\\\I\M0IdD0\X}\\\D6/5뺕 \ S\7p$E\Ѵ\\J\dA1PB\-ڄW\ @\n\\'mzj!\\0)dux5}\\-w|3.\]Jti͉6$<AtJFEWi\\f\wc\9XѸ\9p @Z2s\ӝ\H;HǌF3VJʼ\\[E_\r\+HSun\0Q\G\n\\fl\\\.$\H>9\/Q\f\nœ\nwLL2bPM/vfU\'b\*\n/$p\@\2h|#\I\\\nbj\'f\r\w/O͔:ѶҤqQ\'\\q\\=(\\\O˴j\ߘe<R?r}F\rGoP\~B,6|\Z%sEr\\;\ߠu(RP.z\\\~\Q\wu\O\\d\i\X\\\iё\C\[\\mc|>}1vB\A3?T\\T1Y6)PIL\s]/@\w\N\MJA\w1k$\\iָH#NQ<\\"3\\ZS^?U^n\'i~3#\\\\|\odZ5\'ؽ}C\X:ɰ\\u]gj7\MEw蕺\|\";7~A?\0a}\cy\yc!G/Y2G$Yc\ñSeys/\Q.gݎJh&\n\n\rfmRt%RU kHj|yk\\4\\dWR\Eqm&N;/\N$7zNb[>L\r@ʋa\\9\>/J.K($^\\fTs\J\:A\2\/\?Pn\Ѯ]Q[\	\>\'yQ\	i-|0\\Ԋ\49gNN\H	r5غ\bac}\"\W\r\\k#\H<3IL^\ؽ\!!\%K| V\5\אּk!~F\-\"\X\I\ړ;ѾZ\Z^m\ն$l\\\\ԔA9/\\\Z\r\GmդqQ+\~\=oP\\$ge\N{7 @\\BwI>cw\\ѢPy\\\ہ\\\uYg\2tMDmc~A?\0;&\nѼ\O\\`\"3D,oO46\\\\'Y\Z\\\R3\"d\\rSy\0?4o:&{@\K\"_>^#\\A\\Q@lSfM=1\vJ1UErݩE]!LY@\;^\ZO܋\53\\\\y!\{VjB^g{h.\W\\l;[-@ȇ[\'m7Ήת͍\h\'E\A\\\4,\\"nP.Z\n^g\\I Hv\\+H֓v (yGjcb\X\i\X\'\!M\#\\\\JU\%MeB\s\"5{ĭ:%ANȈ)c>|#U\R\gª\@\P\\ \\\r\X\\75()viFѺƱw\({7\\x\4\\ܜqQq.<[o>]r\\a_\仨m\n,z\rVV\n\[\B!zsnM3dZ4J\Ht\w\P%\n!:`7zݚp;c\%ܳ @\0Q7;a:mL\Nm4\\3Ʒ\i\XPֿ{oO\ҥy?\lbц;T\T(\t\0RFG\AJ<R<\&¥/;nKvl\}PzE\|%\]I\\pRVm;1axB]wޘ\qaGP0o\T\?\\j~%\\یqQuPЉ:\\^46\!Vms\;dRt\=\F1F\af?M(UkN\'\k\xq_ؕuhB	]Hm>\י\ZfF\\T:\v	f\'\(@\o\\\\_k&\i\X/fB\\\\\`\\vn\\߬v@\2mʪ)pf\]\m\RV\"4?h畕iD=6]Ն4\P,i\F\n\y&\̥7\D*Sb{KڨAٱi\")yN\l\\Ht>f\+tf5.Z 4>Nżخ\/-!8(\'v&\zz j]u(sMm,j<hEޕn13@J\}\_\\\\\\\\Lݠ\!q釋HSד`#2\ϧ\>~Z\\9ej㎱^ͼ\e\@/Y\Y\<0\Ai\\vŋ$(}A(\'\\Dt^r\&.O zY.Yi.\\WTzq+\ jdl\T\5Bٙ,(H\\62\\qI-\Wi<]lV/+ݥ;\\\ϯzпl\f\@w\`Ca\J|7-ڍv\\O_S&}\\=|\J\\Xӌq\%\\\yq\sGM<E\'\\StbA\{i\N\Γfz ڹ\D\GVn6M=1+\ř\<d\_\Z\R.\'\KF3N\K)lh\\7~I4s=i\K\)z.ל*\hú|\\\\\\\\\Zv\P\i\H?\^蔹\\3\\"͢PQļ\uY\i\\|\)~O[E|tm%rS	?9\kM\I\ή\r*|\l15[nl7\0N|i\ #|\O\fvV\l#%\i\,\CP=\\\r\\#\(\­e\Z\kr.\\\c[\-?w)\\:q\hʸ0\\wQ\\ZK!\n<%X\ƞn2ǹ\\;`&v\\sYucqo\\g8]ߚ\ײ@\"D\³L۔:?B\'٪\"\\MLY\\\	\L\PvsN?\%ӵw?\\\\Q2PZNjW\Zٟ\~?\L,\<mƿ\v-q\RCgWJ\"jf\r\o+\DNӴȱn\?\)b\C\I\$\nM0E\\\&/\!\\w. \.IGo\\\\_e\̨0\,;.\%*K?4p(o|\{MہuN}R7\n|Ywo\\cP#\n\rp)k,Kw9hO\\d\mƸ\S\n\'cڊ\\\:Xd1k\?}\\4\t\'1R˸?\<ի|\ZR{oȴ.~\RN\Xg\j\s|%\`dӭw?	[Qqۨ\Z\\lIܖ.Mj\\ڮzWQȕ]\N!%7\?m1֕K\]eӦfҽ\#v\\1퀒/ >FP~MjM덞[K4*erVNDEa\P\K迃f5UIy꜒Y\q\\F\丙u0\DJ}/C\T<:c?SJ[hbzhƒ=X(\W&_+\.\'>5:HՖ\\ԣX\A)<K>]&~i\^q\S\\\\ߢML*~B;!\\f3\^A]UWla\1w*6O)hUJe׊\\J[##dcqo:6fI+\'/ln\=ַ|-\Jhf: k:b\\=Jw)\\\\\Z6\OPwߴuN\H.ח_{\P\\\	E[6n\ߟr*N\m\;\\=\b_.F] rѝR\`\\x5H\v\E\]Ѵ\":\0\0\0\0ʲ\\\t.\\0\r rtt\'Մd*2\0\0\04a\?`.>\0 \P\"\cuj\\7>\0\0\0h\o\\\0\@\D7vf\\ͦN\\0\0\0@\<\\88\0 mSP(`\',\\У47\0\0\0\0$N?\0Hy\\U\\{Z$:\#M\ǅ>R?\\OjdbD_0<\n\0\0\0h\\:B\0}\!|4v\Bw6uCQvdJ`&\١G\\\0\0\0\0JWPВL\l\B&ߣs.f^\'\OM\\'݈uez<\\w\\6J\gZ{\0\0\0\\1\\"\r\eO|-\Z]*G\Q25.\	\;tǃХsoK=\\\4\0\0\0\<(\}\y7z&ʜӏGL=+\0\0\0\0\0\0\0\0\0\0\0\0\0\0\0\0\0\0\0\0\0\0\0\0\0\0\0\0\0\0\0\0\0\0\0\0\0\0\0\0\0\0\0\0\0\0\0\0\0\0\0\0\0\0\0\0\0\0\0\0\0\0\0\0\0\0\0\0\0\0\0\0\0\0\0\0\0\0\0\0\0\0\0\0\0\0\0\0\0\0\0\0\0\0\0\0\0\0\0\0\0\0\0\0\0\0\0\0\0\0\0\0\0\0\0\0\0\0\0\0\0\0\0\0\0\0\0\0\0\0\0\0\0\0\0\0\0\0\0\0\0\0\0\0\0\0\0\0\0\0\0\0\0\0\0\0\0\0\0\0\0\0\0\0\0\0\0\0\0\0\0\0\0\0\0\0\0\0\0\0\0\0\0\0\0\0\0\0\0\0\0\0\0\0\0\0\0\0\0\0\0\0\0\0\0\0\0\0\0\0\0\0\0\0\0\0\0\0\0\0\0\0\0\0\0\0\0\0\0\0\0\0\0\0\0\0\0\0\0\0\0\0\0\0\0\0\0\0\0\0\0\0\0\0\0\0\0\0\0\0\0\0\0\0\0\0\0\0\0\0\0\w\G\!\0\0\0\0IENDB`','Activo'),(1001,'Pinvalidda','PNG\r\n\Z\n\0\0\0\rIHDR\0\0\0\0\0f\0\0\0\\|\0\09IDATx\\]	_\zr\9\XO\\"\$R)\\Z\MfT\-²G239\ZVţՊRx\"\ov&M~\ϲK\\\ݯ#F=B\n.\\D׺\\pw떻|\\\\\nBʲz\\Ɋ^V-s\\\H\\U\'\\X_\V\\߀+3 {kdʈHg؜\\;_\k\\l\\B2\Th<~\\\\"(f\\	\oEsۮ@\0\ƾlg1bԣh8\0\Am\<RB.(l\\n°\޾_X\HIc70.\0oBw\\\Z>\\c\FrpkK\\G2bĨǐ3P\'@l\Jm\-@}d%q]:K$ʓMMM\\t\\~!\\*o\\8#F=\#Am\;4\͇wZ$<\\\:|\0\\S*2q\^F2IRƋD\ZD2Qϙ\\03\U57d+\\//\w&h՞\\/X6~wh\UKDۘ@M\:|3\\:8ƕ{	\\\\\'j\0牢̳\;ޖ\k\\C\.1*frr\ZZ\0sS}VY$G@Xhd\Z\rs#\\k\\\W;dd~{9ߖ	@Z>\[\\r/CDE0i\va\"}L\͛׏\b%?_xf79\\Y,]8@\'h\@Ff=I \Nƕ{8B\̦,fc\f\hO _\n\\\'a\1\0a\0\)2\>\\AD\\Z-[/\9F{\"8(\:nx\\\n\\0QN$\\\قq}YY!8\0UU~dO3\0a(\0D\?ni\c30\0\k)U5Hacc#kSh\no\_k.e\0\\+\\EKL\'Z\د@d(QTO%\\}\$M\T\1#K\":b\ў %B(\^@F?\w\C\\0Qe\\\2\_&U\h,&ѱ\\^EMMM\%++M&ʓ\r\r\rG0Q\htcK\\,ؿ	\z1\0\\\o6\~\'~\_\v#Q4E\"\벬\*\x\.\\3Ԁ\\0UN\\aC\ZBK\@\\\\\0 No\(\\\0d\P(\;	FQ\>E\y~7\\\rU\\8.%\{\\\sOc_@\y6k+k\r[01\\R\E\\qY4.\R\쫸\\\\0bgO@{l\V\\\\\N\\cݽ2\\Eh\b1rhX\\0y(WL|\'\\0/\YTF\;\4\"-3#KIӴ\p\\\J~9\+$i\\\\\"ס tqV\G8\=2Zg*\hI\\rr+cr1*\D\5v1\3a\Z8!.u+\n	 {\\0d\'\\"i2nDLstN\0\-Q|\\:\ƴ8\\?aV\͈Q~\VvS\Mږ)q#.\0\0\fB\ Ɠ\\o\G$7G\A?v\1ʧ!K\}}\@0E\E?&Iz!lqU\\2Ѐ\Byjv\2?b\\˗\\\JFO9@\"\)\\0$\1Y<YQF\d?56\ȓFZx^\'A!\ܫҿTu\8DRkEY<F#\;}r\e|8\\\bJe\0oBG\}E\@th\\{cG8EUD\\`/\\D{ \r\\YJ\\u\|\?\\Z\᭸\3..*\\+܁\_ǿ(qwy\Bw7^\(\9X\01-WEB\^|!)%\@%۫2ln$2U2/o~Q*\Y/_.\\\\\\d,iTi\\nk`\D\\U\k\\\0\	\[Uc\\*\ܰ\\+&Ob\k7-\,\{Pe\\g:᫝~w\b._\RN;\\w\\\r$5;I\?\z\9s\~\0,,\\W\>q?W@\>au5`D\n4\w\04FA\a>נ\\d\\&\	>a\Z\Aa9c6\큰\\ˢ⪻>0\\\"| }\\VqȠ1W\\\\\.\\\]cȋJG\NqTEΩP;\\\21H[E\I\&wD\\$o\H\>|e\\\b\\ \$N*%vkʏ֖\ږb\EW@s\\\42X6L\\i\rCU\\\\٢icp\LQTT>\rq-3Cz<kAGO9\<p Ⅹ_ig\b~\n?\\\c\[C\W+\qvJW0h{݆\<\\~\2O\\*ulک}l\\ \0=\rb1agmMR@\J+=\r\r&\}\Ƈ\eg0\\`l\L[o\U[\n=\skk(>\09fLu?7[GW\Ln\ċ=ږz\f}O\_\iy\\`r>\1xKAPS2M\/^|p\¸E\\}\\\/)ʹV_y\\0Lߏ\ZH%D\\k(\ڙ.`\\n&87\\\S\Wsyׇ\G0zF1XHڟ{\6p\\cʪ\\\)M|le\_;\Q\hsV\0\?\|دY1\Қr}vqU=^Qj8_k\,\\{4\O\9̑8\,\\\\c\Z\Z\XZ\\\x1CGm`\\\"\+Q\99do$\'\t6>Q֯J\\aÒ;rfM;NRצL6c\$Emm\\а\\\(5.,.b\VJ$I\'r<SZ\Dp}RnT\\SiE[@8\Ռ\\\=\\Y}\\0<Ե\!\\_:N8\\_B\q\\;峾\Dfo\n!l\f\jL\?\\i_\F\r\`{p\ۚo\xwu?( G\n\	uq\G\ڔ\{usr|bz\ZG\\S\W{Ks3\$\0~\r$Z	.m\"ѿ!LsEW(O\\\3\2\W\Z:ZwmFR8kl$\Ne\+(\L\TH\0qs\\Ft\޽\\p\LA\ \\Z!I\_\VYl6i#\y 1\x+\"c\\l\\\\\KNLu\\{@\~+\\\Z\a\/<Vכ\	 v0c\k\\\\\\z^LR|\ jxQUJ\-aݎg\H\Z\ \\\c\iKrrt9\\ߴĕkӭm\\\A\Ol[\I\f\\\*;\i\!\\Z\0\r؃:-\@FL\@\25\/\\X*\\QzR\Ê\4\n\,\B\\`Z\^\\\\(\?e\\/*\\,\\V\\b\HZ2\0{eX$#ddg-A\Z\GY3h`\_\	u{\R\:\岉3JA\l\׵_Z\9@\[Wd\\=\\"{U\i%I\0\L\Wִ30E$i?\:w3\\\,\\//11bAͲ̠xFI_IX=Y\0RqY\̆7ઢ\},6q,0\nJF{\鍜ҝ\\O	 \wsYU]pHX\y\\Q.k,\6xO7E6L*\$f\]\'\0**p>/px7{I8\:\\	w\|\S\`9\\\\r7\\\xK@YNo3,8CӴ!\ X	\\*\\58VZ{;(b40w]\\d&V\0w8\͘RLY\g\8a\objNX$kҵ\x\+¿\0a\.w#%\j[\Z\x9v~-L=\\\g\l\'HYe\I\cVT\G9\r:\\8\0L\/8v\dζ/\\0b\H\E_e-1=\]:6[7哲n?t\l\8Mҧ;\;Gl@H/o\#(<8\\\ϔ7/\\Blu<\\r;Y\E\\\eȘ\n ---q]DϚEr\{2hŀ}|\'\S\%\:RbI)Q;x_\"\\Z O!qY\h	Qo[d{S\\\p\\A\\S@M\z\[\u\^%Y[\0Z#\"Q\і%٪n\`Ѽ>|b\\ u\[	 f\:HR\g3({S\Z*ۄ\\j\jt\:\"\\Z|\nc\\r\<uI$g\\m\v!\E\q/]\Zg>\cHg2fAn*CЁһ\7\0Xg|D7gS\6c1Bu\\\*kO\}g\s\^1Y F܃\}\00\Z\\e?=]R+}I\\\ӜƱ\\%\\\4\\s:i8\\@\\u\[Qtp|cOrե\0\DՁ\^<\(\٦6OQV])\zIX\%\\$d+\Ս-zy!\0\'\af\\\תj9:\G\\D\@**_\\ї0Xn\\Wo$H\ℷ09О\lGl|[ zC >a\\χ\(6[\\	\r\7\ k3\K\2lrs\Aݍـ~^\\W\h`a$⒊\r\\8\'r\\_(u<\'3z~q|;h}\S&\0݊,dh}`/h\\\\\\\x2\s}\\N\ͤ,\z6\\=x!ZWR7p/\\\\E#8׍\0\"I:&\ZjA$X/\!TL&ꃒDn\堢\\%Iɲ2@CIV77W@$/\\H#UF~77\z6i=eT,\\[}bIET\նEjSr\8\0,v\0\%\!ѕM$ě\\wt,f}&`Qi׌&\khll\gNV:;F\'Y,eIB\\0B\HyU\0ϋ\6\\r?Gk$\Λ\\\	W27\\\\RQY;1헡O67>N\fR_%E\ߘ[\\\\pDw\0HE~O+*\e\0\Σ<WHDDlr4\tRJ\\\D\\G]H/:\DU*t-\^\JёfOӆ\5vo\\bt\*ve\b\qyxK諬<sru+û\+ʹ=\Z\\iM8a\\\w\"5h1Z\"]&p\"H54\B>\"Xg	\\\zì;\l\ҴH\hP\r*0!low+H;T\PjN(j;\0$.˿\\\\\77\̴	8#!Nr\0o\	\W\=\?(\y\\\:\ru=\\B \\^l\mR\\̚4e\S\M\z<\\Qc\"#\!*\3\l\\e\\\A\Z\;wZZ\4\kN?\ăi΃\;.\ns\\\^v\nֿ\d\\\\'~\~\u n4*\\"Z\\\u;\Z}&5\w@`<ye5OM\o#74\\\\j\01懘uY\\$U\I{ǃ	&\0)ٳߌ\\\\u!~A\\Wߞ2\\۹oPh\\\\\kzƌ@\XQ\\O\\@\\	3ͬ	޳\b\ɤ{q\0\\\\\ueo\\D b̭H\2^#)ʕ(7	,֯\\=k\<*|\/\0d	 \qmxJ\U} \B)Q\nആV0;Q\\'HIӝpYZ\/0\\JŰh-WFypPxI\X\ܗ\\r\z\'Ӛ_;\'r\\K]A_<\\6؄Ǯ,\\\\0[eE_{\s؎\\F\\udC3\L$Er	Z.\p\\f.#x=Xª3\pn6H&K:Z\صL&\	V\\\B\0l$\=J\&5_\02C3j\jΉh\]\:[EFdY\rMȷ\n\L\np\\!덜\\nF?\\I1\!zn\\|2Grp\Yѷ\L1\IH \I~!\\'L|\Rt3=uҭq9!	#\d\@@ؾd\"\\\>{:< HS\\\\@~\!\\XK\&N˻\&\ZI,91s\]\CV\\I\g\l2\r\/$\ѻ#H	,k)ls\\\0˹&3C\'\\z\*]]s֖9qN7MmKP\fU{	@@3~\>\\]]Ja\ZG\\\ne\b:N -x\ {@\0\\\.fU\&R>\N\\\Z$B\.\"Y7LĒnd`\-#kӭ\Zb{Z\\\d]4I\\X@k\e\\\\J\>\\T*#|\\:\'%\H8g\0H1HCD\u6\7X\X \\\\Yb^\d\n\\\b\*B \\uP7b/W8\t.\hqfDEeL>+\/K@kLpr\oulh4bK\n\|ηڝ\$\nI4:\no\L\\q)\fw	\B]\	Ma8%S\\:3}&X\0$ӆc\rQfJ\\\\A>\Z\fY0\~\(k\k\\\\\ij\x\ߡtS~?png\ӦdΥ(؅~ Jp\r\е\\Z\\%?)ġ$L#Q\>\h)Y H h\\n\!fjcr>8X!\M\\0p]ߞ\3\Ik5\to)k-V\Zw\H>i\Iv_xR\-\PRH\0QEd8\\\/F\\\\\xuqTr\Z6q\\Suf\\4K\\wG\0I\rj.](شOv/h\%\J~-I\EQI4-Ci>e\\0\\Nܳ$)qn!eZT_\8\\)\Xj.S\K\\g\cx賻\\0]\YX\0\"I\R\\*\k7\#p(^]5\ͬ$4\}\\&bi\b\"\8N+یvގ#\_SB_\pUc޷P7\ZŎ\\\\\pT\"d\/^|j\3ei6\󔀰ojV7\3~,Yrt{֐+K\\\\W\\a\*`\i\W\+gcZ\"eL\˒\H9cVR\0j\q-@\d[\\j\ʘ!\o:n1	 v_&\\	\q*c!y\\\r\B\K~^	ml3\\|q\V&ڲ\X \\"E\"j+E\|$fvϴ1ܾx\\\*|!\\\\\ڡ\j負锚}/wwn>\0խ,48\\0H\0\L=\$Y{.@9geu\#6\\Ab\\Y\	\qXfcbm\\@wOЦ\%\\^)\\?\\n\0\Eoi\H\)\\T\9\n\0BR\n\~\\n؊B۰\5`r؅4ʚ1;\\0\|BHr&}\S,\˦u{;\\?P>\7\c\\&Q=5d\}\ߦ\0c>8BnN\WH^\\mKų-8}\dQ\>ݧ+42\n\L\uw![\$0\}oTE;k\\3ܔ\D\@)ȗ]ǳ6-\-Qہ(?=յzfKۏq\\m\Ϙ̢&dca\o),be\0A8$\_GHbrR!{\<\r;)D%*~Sk?\x!U	mB\n\\\@\iA\XH<(k+>ij\"\\n_9\4n78])]\'hcNy!N9j\b{\bD \>*4/WTE<O4A{N\\\@o&\+C\\l\";HFY^U]e\e{sG{\\+Ӝ/|Eɮ\Ro\:Yӎ+Ô<XˊA@ѵEY @Yy1\n_\\1b\\`\}ШЁ!C%IpN\W3\\'UL\w\\^\\\\vWG!)\\ D\I#co\>\LP{\\\\\ʦÆx\\K1z[\0!{:`E:5Z@d@r\0Q\\r)\n-_d6\SՅٝu\ř\@\\ۍN<M\ª\.,+$\ȶ5\\\:\`x\ƇZ\el\\\\+(G	\\cL4\.,\0\"-\D@\"\\$Fȉ{:n\쳆{i\mS\ێIu?\=ք,\@!g BUh(\µX\0D\\\#_3\\\\q\/E,\\RN<n\\g3K㼘U\]\\#n\n=%n\n@bd&\\\\0MˠJ\.=\\;Y4ê\\I\[OL\\\x@DYÁ(\\k#A\\̖{.D<Yk\\u h\v\˕l\rq\L\Qi\0=0V(\\F\ZwLLҚ)X\0 %\\pU\m0]^h\ݠ1.Rv1\\Q\(\"\0;\Z1\nf\9|;\2*\/sZgX\\\U4\S;\:f\|\+.${ J\\\»+\\rBQ\\E\\\\0$w\0\ x8\ts\\9\\'[t9\[sm+Ʌ|6 \b%\r|U\^X\E%F\\\Dppz\'|Us(\\"b[\'\\hR˝\"&DlwM×\\'`_/B!\m\w\0\"Y;P7i\@\0\t2\0@J\[Di[|;v_\\l\kƞ>8\0K״OxPK\8.\Ŕ\0!}\r\\݆F\Eki4rf_X5\{2ޅ `7e_(\0GM\2\P0룊M3\,}\_\]B\MM\\r\X )7\A\\pc\\\\AFgns/X]BOWܶhgK2g5i0N\e@\\/\RJgcm=푸n$D335uLC\W\=[a\\.DJM=\\7Zl\\0A\R\\\s\\9v%\0(7a\0b9yvp\n\\8-Y\\k@]ͽ\dB:h$t@)ge\/i\%岌\L\V_f9\-Z\ϟc\`QQgeH9\\cɒ%8cP*!\}nݶ\\Tv\#KhZ@l޺3iz\ ƆƆw\\ez\"70\0\.][V/\R`_N\#IAhCsS]}7P\S\%\-sA֬\\nb\iߋ~}r]&,\\TqE2\\mpƗI^awh\q`gï\\'F\ѵ\Hf,v[u`\%L\\0\'}\,K\zI6av\lnjj\Z\\0\\YU\S\2\@@\9Yr5}\]\b\*$l;o\C[4\0$\'\A\6ॅPÁF\\O\F\nOh-Dױv&|,\DQ=\\\\AzRp~pr\\P2P~V\Z\8\;d\\$9\s\\\t݁T\\\nP 4]h\\rVȔY ~\P\\Mo\Ե9\\\_\\0\(2\0Y\\\\\\\oD.H\0\G\*X\\LE%|od!G\'t;v\\\\'\\\\sh\m\V|y@]\\=[ \#\x|\$\n_\`i\+\Iu \޷zu(]vR0\?ksEe\8\#68ϛx+\ПAP+`o\vÌ۪\\Kvo\\\r\'Oޯl,_\\\&\\vhqÝ!\*&w\Ś\`-\\RQ\rwc_\M9Zx h\3\\\rg\53\\\սW>q\j\j\\\a޼\0\Zj.a\[\"	@`[\\\\\-$E~omð>\	gZ\2s	o8|lb|\8k\Zo\ؤ(qRiZ\LHΖqGP[\2b4Vcwy\gdi*]Ɍ8\\e\ֺ⠊/zN0\0ű@;\4EX#+\3\-_o.\;K\0\\A`\xL^\/\r)/.,mJ\0\Qn\2\?8g?(\\<mp/Bcw7\i8u׸ȫfc\n$\e9Co6I\Dt1\\o\:>\g\rXSўi%IŘV\ٜ\\]5YI\\\,|\\wٰ\s]\t\n֕\\\\\;|a\N.z\4Y\ )\P\(:m\\(\T0N\63됉$%:d\\0$˞gDЙ\\+80O<\r\\+#?\5\ZG\oɢ\\0u\'\\\	\f|\c\U\+v\0I&\\\\\"I\\>:­8\\,Z\\ϻz51Qў\\[\\09Jm4r\xNp\;\sfsr\\\\l޵9<h\\}|C)g\-eŋ\ \\\Mr\rw\\4\k	I\I\ZAVBCC\FQ=	\\\p\)&\k.Z3\0raM%\\nZ\,`\v?_eŽ;u\&\%iȫNp#O\\+ǩ{6j\]3S\012T*L\\W\bj\ʟ\n\\A{+8~*qp\{98\\X\0n%5/HyOZa\ߊ\\\\\6׎\90\f\brw\0Hy\0``\Q0\LF#0+C\\Tn[\V\\\yH.,Y\ؽpH6\t@9\i8LqD\\Z@]zI\]zѝgtf?\r\ ؗ\\\*m7}\ō}\\"-0/\@ܐ\/3`\*\kO\c\0s\43\jN}+1͘1~ڥ+\;s@ %+\=\\!\%\&,D%mOB^v.RKׂ3J\b\0RdQ3Nc\0MJe{kƻ\R5\؛*\|зٳĒ,\\!\\j\\4\nbD\\eUkmY\\\l&-\r\<c@\ *Q$c~\^@,\}\<3b3>g\'\\[_e\,\\a\0?DT$\\\{Pi\d91vΜ%\9@dMqrUX\\\=ٝ\0ȧ\"if+\d\;6rF8\·C\\>.{Qꍜ	\U Ce|&\8r\\\+\"*lpy^W-`\={:he\lE$H~-477\\\0Dr#=\\\\\\\\Fw?\\E ;ˊ\&\\\W\/j\ivI׏kv&\\\ڃ3\Dlӝ\\|\\\z/{t]\/<٭\\\v\m\\0ئW7N]/ZÂ Z\I!\C m_CSHعR{6\,ǚ̫j5Nu\0\\\`\s\[i\\ް.I\\\j~E~a	\-)O\"-.)=\_6>4\\P\0\\\pdb\ȳ?\\ZHI֘Ќp\r&&&z>0\\\\'[Pұr\'ժ]2\0p\\\\(\\\JJ*̲Y_d\PA63=}{_l\%/cUwu.\n4\\ؒ\\\\֍\}c\rF\\v\ ~\3:4p\\ͺOV0{\ہJ\\TvJ\8\C\~&\׍\"npkw pr\\\t/ t/\\\|\\n\\)\"5\:,y \VP\2\f\	\g9\p$);\rihXv,\B-^\\\0 \ـ&Q\Ź\N\ϟ\N3tʨ\\*B\\_[îZ[P\g\\\:N\ާ\.\Y\fsg1:59\\\lZ\s$\~w\e=\n\bL\\<CPV$I(\ڊ|\nU?NP(L!\Ъ\V83o\;6\rPsU\qfӡ\\OfM38&ERFU{[91GҴK,h\iC?ւ\"\R\'\|S\D\^\\fS~_bqI\\\\2\yѾe\\]6z\\|aE\0\Ϊa ]U\0\%\i\q5}]\L\kM\\˱x\w\!ߨо΀\Q:\\\	1\\#\\\f\88S\ܖN\\Z|i\J\\송\<!l޵T\\K\0_5&rhIq\}p\07,,upB\pOh_5.N_!//K\M4\(\/&)`RZ}5\PkH]ʅlҒJ3l>\\M$\---#ҽeuUvpmU}j.A\|XqUR2+\SNlhǏK˦P\\7Ł\l_r|3F\\7lb/r7}\ל\nxuv?\o\\0]ɺZmU~~\Ͱ\EHS֫\\sA~\qɵ<JUs\\\qnv>QBS\:Gty\Ro9y?ôZ\'v\\\\ؿ\\\趼\\.)\AecZR\\{?^W\';\^\mo@L^DsI\ҽc/ժw1\A\\0/he,(k޳oZb+fD#W\\i_7\0\5\1!+M\HIILI\al\jT1Y>#d\c12RVԻڀ}\^H\FPnE0ߍ\Z0\\(\'3\~\b%\0!\\p\05UgN\|\\\\\NnטnH9\;P\\\/<(<nU՞?ГY\\0\\nNx/w\Z$$LUupt\Z\Eg`\\\\yZ\d\LQU<%$QZ0C\S.	#CG8x]~~Q\\S`y=V<\nAR8[D:w\!e\'\|\\x#{+\\\Ep\'L\Tx#\\(CGW v%\\\>75ē\@:wt\-)\M \ ,?#\;\\l~\\2za\w$k\\jU\c:\-F]\[_O\I8Crt\$F\dx?\PQ\@7ZY}\)`{#=a\+Gp\yqz\nhz\\rސ1wss\?ӽ\Z@v}--Kkl$JRi3!6I\ځl1Mm\}1bĨg\0aĈ#F@0bĈ# 1bĈ#F1b\0#F0bĈ# @1bĈF1b\\0#F1\0aĈ#F@1bĈ 1bĈ#F1*,Beƈ#F@6\\0H<(k1bĨDV(\0dS1ieĈ#F@\N\!\8r6.iS؎1bĈ#DQ=I\"299+\0\*\xaF\2bĈb$c,\\0-\\4K	%E6\'#Fz566U\\$E@\\iQVG\\G1b\h;?\oD\!76\0\0\0\0IENDB`','Activo');
/*!40000 ALTER TABLE `tblempresa` ENABLE KEYS */;
UNLOCK TABLES;

--
-- Table structure for table `tblentrada_salida`
--

DROP TABLE IF EXISTS `tblentrada_salida`;
/*!40101 SET @saved_cs_client     = @@character_set_client */;
/*!40101 SET character_set_client = utf8 */;
CREATE TABLE `tblentrada_salida` (
  `id_empleado` int(4) NOT NULL,
  `cons` int(4) NOT NULL,
  `hora_entrada` time NOT NULL,
  `hora_salida` time NOT NULL,
  `fecha` date NOT NULL,
  `id_empresa` int(4) NOT NULL,
  PRIMARY KEY (`cons`),
  UNIQUE KEY `cons` (`cons`),
  KEY `id_empleado` (`id_empleado`),
  KEY `id_empresa` (`id_empresa`)
) ENGINE=MyISAM DEFAULT CHARSET=utf8;
/*!40101 SET character_set_client = @saved_cs_client */;

--
-- Dumping data for table `tblentrada_salida`
--

LOCK TABLES `tblentrada_salida` WRITE;
/*!40000 ALTER TABLE `tblentrada_salida` DISABLE KEYS */;
INSERT INTO `tblentrada_salida` VALUES (1000,1000,'07:00:00','17:00:00','2005-06-13',1000),(1001,1001,'09:00:00','22:00:00','2005-06-14',1000),(1002,1002,'11:00:00','15:00:00','2005-02-12',1000),(1003,1003,'07:00:00','19:00:00','2005-06-13',1000),(1000,1004,'06:00:00','20:00:00','2016-08-01',1000),(1000,1005,'09:30:00','18:00:00','2016-08-02',1000),(1000,1006,'05:30:00','16:00:00','2016-08-03',1000),(1001,1007,'05:30:00','12:45:00','2016-07-13',1000);
/*!40000 ALTER TABLE `tblentrada_salida` ENABLE KEYS */;
UNLOCK TABLES;

--
-- Table structure for table `tblhorario`
--

DROP TABLE IF EXISTS `tblhorario`;
/*!40101 SET @saved_cs_client     = @@character_set_client */;
/*!40101 SET character_set_client = utf8 */;
CREATE TABLE `tblhorario` (
  `id_horario` int(4) NOT NULL,
  `id_empresa` int(4) NOT NULL,
  `tipo` varchar(8) NOT NULL,
  `nombre` varchar(100) NOT NULL,
  `inicio_lunes` time DEFAULT NULL,
  `inicio_martes` time DEFAULT NULL,
  `inicio_miercoles` time DEFAULT NULL,
  `inicio_jueves` time DEFAULT NULL,
  `inicio_viernes` time DEFAULT NULL,
  `inicio_sabado` time DEFAULT NULL,
  `inicio_domingo` time DEFAULT NULL,
  `fin_lunes` time DEFAULT NULL,
  `fin_martes` time DEFAULT NULL,
  `fin_miercoles` time DEFAULT NULL,
  `fin_jueves` time DEFAULT NULL,
  `fin_viernes` time DEFAULT NULL,
  `fin_sabado` time DEFAULT NULL,
  `fin_domingo` time DEFAULT NULL,
  `numero_lunes` int(2) DEFAULT NULL,
  `numero_martes` int(2) DEFAULT NULL,
  `numero_miercoles` int(2) DEFAULT NULL,
  `numero_jueves` int(2) DEFAULT NULL,
  `numero_viernes` int(2) DEFAULT NULL,
  `numero_sabado` int(2) DEFAULT NULL,
  `numero_domingo` int(2) DEFAULT NULL,
  PRIMARY KEY (`id_horario`),
  KEY `id_empresa` (`id_empresa`)
) ENGINE=InnoDB DEFAULT CHARSET=utf8;
/*!40101 SET character_set_client = @saved_cs_client */;

--
-- Dumping data for table `tblhorario`
--

LOCK TABLES `tblhorario` WRITE;
/*!40000 ALTER TABLE `tblhorario` DISABLE KEYS */;
INSERT INTO `tblhorario` VALUES (1000,1000,'Variable','Lun-Vie 6 horas',NULL,NULL,NULL,NULL,NULL,NULL,NULL,NULL,NULL,NULL,NULL,NULL,NULL,NULL,6,6,6,6,6,NULL,NULL);
/*!40000 ALTER TABLE `tblhorario` ENABLE KEYS */;
UNLOCK TABLES;

--
-- Table structure for table `tblregistro_actividades`
--

DROP TABLE IF EXISTS `tblregistro_actividades`;
/*!40101 SET @saved_cs_client     = @@character_set_client */;
/*!40101 SET character_set_client = utf8 */;
CREATE TABLE `tblregistro_actividades` (
  `id_empleado` int(4) NOT NULL,
  `cons` int(4) NOT NULL,
  `id_actividad` int(4) NOT NULL,
  `usuario_creador` varchar(15) NOT NULL,
  `fecha_actividad` date NOT NULL,
  `estado` varchar(8) NOT NULL,
  `id_empresa` int(4) NOT NULL,
  UNIQUE KEY `cons` (`cons`),
  KEY `id_empleado` (`id_empleado`),
  KEY `id_actividad` (`id_actividad`),
  KEY `usuario_creador` (`usuario_creador`),
  KEY `id_empresa` (`id_empresa`)
) ENGINE=MyISAM DEFAULT CHARSET=utf8;
/*!40101 SET character_set_client = @saved_cs_client */;

--
-- Dumping data for table `tblregistro_actividades`
--

LOCK TABLES `tblregistro_actividades` WRITE;
/*!40000 ALTER TABLE `tblregistro_actividades` DISABLE KEYS */;
INSERT INTO `tblregistro_actividades` VALUES (1000,1000,1015,'Wolcres20','2016-03-10','Activo',1000),(1001,1001,1256,'Mateolegi','2016-05-15','Activo',1000),(1002,1002,1256,'Ortiz','2016-04-20','Activo',1000),(1003,1003,1256,'Estropajo','2016-04-23','Activo',1000);
/*!40000 ALTER TABLE `tblregistro_actividades` ENABLE KEYS */;
UNLOCK TABLES;

--
-- Table structure for table `tbltipo_actividad`
--

DROP TABLE IF EXISTS `tbltipo_actividad`;
/*!40101 SET @saved_cs_client     = @@character_set_client */;
/*!40101 SET character_set_client = utf8 */;
CREATE TABLE `tbltipo_actividad` (
  `id_actividad` int(4) NOT NULL,
  `actividad` varchar(30) NOT NULL,
  `descripcion` varchar(30) DEFAULT NULL,
  `estado` varchar(8) NOT NULL,
  `id_empresa` int(4) NOT NULL,
  PRIMARY KEY (`id_actividad`),
  UNIQUE KEY `id_actividad` (`id_actividad`),
  KEY `id_empresa` (`id_empresa`)
) ENGINE=MyISAM DEFAULT CHARSET=utf8;
/*!40101 SET character_set_client = @saved_cs_client */;

--
-- Dumping data for table `tbltipo_actividad`
--

LOCK TABLES `tbltipo_actividad` WRITE;
/*!40000 ALTER TABLE `tbltipo_actividad` DISABLE KEYS */;
INSERT INTO `tbltipo_actividad` VALUES (1015,'Actividades administrativas','Actividades administrativas','Activo',1000),(1100,'Página web','Página web','Inactivo',1000),(1256,'Registro de actividades','Registro de actividades','Activo',1000);
/*!40000 ALTER TABLE `tbltipo_actividad` ENABLE KEYS */;
UNLOCK TABLES;

--
-- Table structure for table `tblusuario`
--

DROP TABLE IF EXISTS `tblusuario`;
/*!40101 SET @saved_cs_client     = @@character_set_client */;
/*!40101 SET character_set_client = utf8 */;
CREATE TABLE `tblusuario` (
  `usuario` varchar(15) NOT NULL,
  `nombre` varchar(30) NOT NULL,
  `clave` varchar(128) NOT NULL,
  `estado` varchar(8) NOT NULL,
  `perfil` varchar(20) NOT NULL,
  `correo` varchar(60) NOT NULL,
  `id_empresa` int(4) NOT NULL,
  PRIMARY KEY (`usuario`),
  UNIQUE KEY `usuario` (`usuario`),
  UNIQUE KEY `correo` (`correo`),
  KEY `perfil` (`perfil`),
  KEY `id_empresa` (`id_empresa`)
) ENGINE=InnoDB DEFAULT CHARSET=utf8;
/*!40101 SET character_set_client = @saved_cs_client */;

--
-- Dumping data for table `tblusuario`
--

LOCK TABLES `tblusuario` WRITE;
/*!40000 ALTER TABLE `tblusuario` DISABLE KEYS */;
INSERT INTO `tblusuario` VALUES ('Admin','Pinvalidda','81dc9bdb52d04dc20036dbd8313ed055','Activo','Administrador','mateolegi@pinvalidda.com',1001),('Mateolegi','RAT','81dc9bdb52d04dc20036dbd8313ed055','Activo','Administrador','mateolegi@gmail.com',1000);
/*!40000 ALTER TABLE `tblusuario` ENABLE KEYS */;
UNLOCK TABLES;
/*!40103 SET TIME_ZONE=@OLD_TIME_ZONE */;

/*!40101 SET SQL_MODE=@OLD_SQL_MODE */;
/*!40014 SET FOREIGN_KEY_CHECKS=@OLD_FOREIGN_KEY_CHECKS */;
/*!40014 SET UNIQUE_CHECKS=@OLD_UNIQUE_CHECKS */;
/*!40101 SET CHARACTER_SET_CLIENT=@OLD_CHARACTER_SET_CLIENT */;
/*!40101 SET CHARACTER_SET_RESULTS=@OLD_CHARACTER_SET_RESULTS */;
/*!40101 SET COLLATION_CONNECTION=@OLD_COLLATION_CONNECTION */;
/*!40111 SET SQL_NOTES=@OLD_SQL_NOTES */;

-- Dump completed on 2016-10-20 11:20:04
